place_id,name,rating,latitude,longitude,vicinity
ChIJMWuQIozHwoARKMM_RjS6ITw,El Pulgarcito De America Restaurant,3.7,34.0398257,-118.2920819,"1608 W Washington Blvd, Los Angeles"
ChIJK64sJozHwoARjbp8LOI35Qs,San Salvador Restaurant,4.0,34.0405442,-118.2912596,"1828 Vermont Ave, Los Angeles"
ChIJASc2t5THwoAR7dZfOXtmrro,La Pupusa Urban Eatery,4.5,34.0388752,-118.2807943,"1051 W Washington Blvd G, Los Angeles"
ChIJT7q1MOnHwoARf0TJ4WvIR6Q,L.A. Pupusa House,4.8,34.0833308,-118.3051244,"4814 Melrose Ave, Los Angeles"
ChIJeaNHWHq4woAR2vUg4C6wFwY,Salsabor Restaurant,4.1,34.0433871,-118.3080419,"2262 Venice Blvd., Los Angeles"
ChIJbZEVbq64woARXtlSkWyQTEs,Little San Salvador Restaurant,4.2,34.0868835,-118.3095806,"901 N Western Ave Suite #3, Los Angeles"
ChIJJUMC8Ey5woARIg1Vf_r9n2M,Cafe Mana,5.0,34.0225349,-118.2524975,"2115 S Central Ave, Los Angeles"
ChIJgcPB6C25woARIqUxtNFjcGI,Pupuseria La Union,4.6,34.0529018,-118.3028697,"3099 W Olympic Blvd, Los Angeles"
ChIJJY1HhhzPwoAR74ntGYz5-uc,Mi Pueblo Salvadoran Restaurant,4.7,34.0168011,-118.1582145,"1128 S Atlantic Blvd, East Los Angeles"
ChIJw5cMFVHPwoARjLK3hlrIx7k,El Salsabor Restaurant,4.2,34.0315706,-118.19808,"522 S Lorena St, Los Angeles"
ChIJo4JrMErIwoAR7YNoUbky9_A,Restaurante Salvadoreno,4.3,33.9828302,-118.2737924,"6216 Main St, Los Angeles"
ChIJYRzdaNbHwoARMLaYoPJ4qdU,Costa Del Sol Restaurant,4.1,34.025,-118.2597222,"2201 San Pedro St, Los Angeles"
ChIJt5ses73HwoARErDWDSmkyDQ,La Tecleña,4.3,34.0469576,-118.2732155,"1443 W 11th St #1227, Los Angeles"
ChIJYyzJMPPHwoARPDduCbk9PGY,El Migueleno,4.1,34.0349496,-118.2917406,"2301 S Vermont Ave, Los Angeles"
ChIJ4S9SZMHOwoARi676Pq9VUWs,Los Cabos the Pupusa House,4.3,33.984404,-118.1862725,"6033 Atlantic Blvd, Maywood"
ChIJVRckmja_woARYMSxU_pzNQo,Pupuseria Salvadore,4.1,34.0937763,-118.3269428,"1247 Vine St, Los Angeles"
ChIJ96bgvYXHwoAR5YnCw9FD77k,Pulgarcito Family Restaurant,4.2,34.0471545,-118.2918038,"2500 W Pico Blvd, Los Angeles"
ChIJURyaily4woAR6dBQ_KzZDVw,Restaurant Pupusería,4.6,34.0393316,-118.3273149,Los Angeles
ChIJo0v7QRDEwoARqalEmZOuw8Q,Las Cazuelas Restaurant & Pupuseria,4.1,34.1099383,-118.1927847,"5707 N Figueroa St, Los Angeles"
ChIJY07Mbq64woARZnqUU2-N2rM,El Jocoreño Restaurant,4.4,34.0865615,-118.3090018,"910 N Western Ave, Los Angeles"
ChIJsR4XiHjIwoARxlxKRD6AcJc,Armenia Restaurante Salvadoreño,4.3,34.0219438,-118.2614775,"2529 San Pedro St, Los Angeles"
ChIJQ6wfJEXHwoARfFSRniqYlO0,California Grill,4.4,34.0857223,-118.2867034,"800 Virgil Ave, Los Angeles"
ChIJK6dgKLO4woARBGlTd5Ol6Eo,La Pupusa Loca,3.7,34.0905139,-118.3141653,"5716 Santa Monica Blvd, Los Angeles"
ChIJRbQ1sPi3woARuIrg_gArGw0,Paseo San Miguel,4.3,34.010643,-118.3059769,"1560 W Martin Luther King Jr Blvd, Los Angeles"
ChIJ4dW1aaLHwoARoc6reGUFZ8M,Los Molcajetes,4.3,34.0533359,-118.2747196,"1800 W 8th St, Los Angeles"
ChIJQ9vtn_7OwoARWWB_DIZ4Sms,El Cafetalito,4.5,34.001897,-118.1650956,"5300 E Washington Blvd, Commerce"
ChIJW2eiC3PHwoAROTuuuoecakc,Cojutepeque Restaurant,4.1,34.0658334,-118.2787911,"2610 W 3rd St, Los Angeles"
ChIJYwx4szfIwoARk3NzMUGNNDs,Don Lencho,3.9,33.9852203,-118.2781054,"5974 S Broadway, Los Angeles"
ChIJjSTBjSXIwoAR5FDsIun74Ns,Paseo San Miguel,4.4,33.9848383,-118.2917032,"6051 Vermont Ave, Los Angeles"
ChIJfa2dSKjJwoARMsKPsy8_vic,Las Palmas Pupuseria,4.0,33.9749694,-118.2543439,"1165 E Florence Ave, Los Angeles"
ChIJnTkluATIwoARd-QFfnBQH_A,Santa Rosa Restaurant,4.4,34.0054815,-118.2742016,"4303 Main St, Los Angeles"
ChIJwwN_v6O4woAR_keeHHI05os,Jaragua,4.3,34.0764127,-118.306798,"4493 Beverly Blvd, Los Angeles"
ChIJK4UPOnTHwoARuDyWyhn8plA,Mi Nuevo Molcajete,4.2,34.0617369,-118.2807686,"2600 W 6th St, Los Angeles"
ChIJ46wo63DIwoARhCfzXXs9tn0,Mi Bandera Pupusería & Restaurante #2,4.4,34.0148161,-118.2657889,"3419 San Pedro St, Los Angeles"
ChIJRWHH0QTIwoARM8a-RFTc8lE,Reina's Pupuseria,3.9,34.005351,-118.2913305,"4300 S Vermont Ave, Los Angeles"
ChIJI54CXr_OwoARkccquEJULaA,El Zunzal Pupuseria,4.0,33.9797211,-118.1875839,"6311 Atlantic Ave, Bell"
ChIJVXBUt5DHwoAROBgZ52bq0O4,Pupuseria Don Carlos Village,3.6,34.0469431,-118.2826317,"2046 W Pico Blvd, Los Angeles"
ChIJ_7Dl8AfHwoAR8NI0jXox9DQ,Pupusería Menchita,4.1,34.0632546,-118.2633829,"1606 Beverly Blvd, Los Angeles"
ChIJb-K0BB7BwoARgrvBHTjqqtI,El Sabrosito Restaurant y Pupuseria,3.9,34.1314296,-118.2518371,"1232 S Glendale Ave, Glendale"
ChIJYTu7-XDIwoARNps9PqYFGvg,Tres Amigos # 2 Restaurant & Pupusería,4.1,34.0136903,-118.2665992,"3603 San Pedro St, Los Angeles"
ChIJ3X7ImMzJwoARtRysYqN_-gY,Panderia & Pupuseria Ilobasco,4.1,33.974942,-118.2821714,"455 W Florence Ave, Los Angeles"
ChIJt_RcBaHOwoARRDoFGCpexlM,Mar Y Sol Resturant Y Pupuseria,4.1,33.9621988,-118.1857358,"7940 Atlantic Ave, Cudahy"
ChIJt1G2QQG5woAR5Qcj40q7ml8,Con Sabor,4.0,34.045642,-118.350646,"5105 Venice Blvd., Los Angeles"
ChIJA5jlNDnJwoAREWBEG6qxK38,Gloria's Pupuseria,4.0,33.9748935,-118.2229961,"7119 Seville Ave B, Huntington Park"
ChIJMapwp3bHwoARmsynfQgGkgc,El Pueblo & Restaurant,3.7,34.0628198,-118.281867,"2719 W 6th St, Los Angeles"
ChIJfWE6WjjIwoARrunZR4vkuuU,Kasandra’s Pupusería,4.2,33.9898756,-118.2779805,"5736 S Broadway, Los Angeles"
ChIJh7bWPA24woARer0ph-a9X5Q,El Palmar #2 Restaurant & Pupuseria,3.8,34.0300928,-118.3093469,"2781 S Western Ave, Los Angeles"
ChIJ1xl67fW4woARdRFxw9GDmPk,El Baron,4.0,34.0477319,-118.3273911,"4212 W Pico Blvd, Los Angeles"
ChIJJYqr1HjHwoARW7G-WDQSni8,El Amanecer Salvadoreño,4.2,34.0578535,-118.2936485,"3059 W 8th St, Los Angeles"
ChIJHUtvd2THwoAR1KyZmdNjz4o,El Palmar Pupusas,3.5,34.06929530000001,-118.293289,"3555 W 3rd St, Los Angeles"
ChIJv6RxOkrIwoARiOPnHJQ_k3o,Las Guanaquitas,4.1,33.9827024,-118.2737845,"6220 Main St, Los Angeles"
ChIJk0XOTA64woARn1pp3xosJmE,Clemen's,4.4,34.0236457,-118.3090629,"3551 S Western Ave, Los Angeles"
ChIJNw9J0VXHwoAReR8S-bdozkw,El Cafetal,4.3,34.0910255,-118.2969188,"4929 Santa Monica Blvd, Los Angeles"
ChIJcdwbOtK3woARrDxG8y-RKRk,El Guanaquito,4.3,33.9738233,-118.3091299,"7231 S Western Ave, Los Angeles"
ChIJI_uqWEvPwoARO2vpktZ453I,Delicias de El Salvador,4.1,34.0213891,-118.2047697,"3400 E 8th St, Los Angeles"
ChIJ4YG1puW3woAR3aWxEOqv82c,Sonsonate Grill,4.0,33.9975755,-118.3090865,"5011 S Western Ave, Los Angeles"
ChIJFcr8ZgDHwoARQe8pfr9Sli0,El Churrasco Salvadoreño,4.9,34.0474287,-118.2846104,"2201 W Pico Blvd #A, Los Angeles"
ChIJY0d2CeO_woARWgGDdaFA9bA,Pupuseria Del Valle,4.0,34.1696482,-118.313763,"431 S Victory Blvd, Burbank"
ChIJU9u5ioiWwoARlqeT29cB92M,Pulgarcito Querido,4.2,34.1724012,-118.3690521,"10929 Burbank Blvd, North Hollywood"
ChIJB-CP2pvHwoARzoVH6WwbZ3A,El Corredor Restaurant,4.2,34.0394739,-118.2917655,"1917 S Vermont Ave, Los Angeles"
ChIJSdQYRS66woARTbJSr73TdTY,Gloria's Cafe,4.4,34.0215538,-118.4027208,"10227 Venice Blvd., Los Angeles"
ChIJ82fXVnbHwoARWHfeFEJoUUg,Los Molcajetes (Mariposa),4.2,34.0692679,-118.2994807,"269 S Mariposa Ave, Los Angeles"
ChIJc40E31PHwoAR9xuUQNsRMgg,El Pajonal restaurant,4.2,34.0918774,-118.292044,"1133 N Vermont Ave, Los Angeles"
ChIJ820J64G4woAREk7XpEd_KgY,Los Comales Cafe,4.1,34.0578254,-118.3007584,"3329 W 8th St, Los Angeles"
ChIJN8mjbau5woARoYoD3Mvt49U,Menchita's,4.2,34.0378379,-118.3483156,"2116 S La Brea Ave, Los Angeles"
ChIJ_-pGSo_HwoARWVWioRHHiFk,Ilopango Restaurant,4.0,34.0440874,-118.293342,"1744 Venice Blvd., Los Angeles"
ChIJqX-Yk0vGwoARrZJbkvesnxo,Sarita's Pupuseria,3.7,34.051052,-118.2493274,"317 S Broadway E5, Los Angeles"
ChIJfUtq1j-4woARDLyvWwenGIw,Restaurante Y Pupuseria El Maná,4.2,34.0258433,-118.3228783,"2511 W Jefferson Blvd, Los Angeles"
ChIJZS_Uv6LJwoAR-f_FxBsTcC4,Restaurante y Pupusería Aguilares 503,4.0,34.0100686,-118.2562717,"4052 S Central Ave, Los Angeles"
ChIJp6gNKC66woARUZO3QCfRaKA,Es Con Sabor West,4.4,34.02048980000001,-118.4045703,"10401 Venice Blvd. #105, Los Angeles"
ChIJ9aG3cIbHwoARDlbZjsutReg,Restaurante Conchita,4.2,34.0471351,-118.2939924,"2580 W Pico Blvd, Los Angeles"
ChIJpdRxjrnHwoARl0tefp4Cl5Q,El Sazón Ktracho No. 3,4.4,34.0316839,-118.2644249,"1825 Main St, Los Angeles"
ChIJhY5-6Qy5woAR5RREs38EayU,WOW PUPUSAS,5.0,34.0254199,-118.30834,"1772 W Jefferson Blvd, Los Angeles"
ChIJFxxTDmC4woARDWj4u_EIeMg,El Trebol,4.5,34.0475842,-118.3222854,"3731 W Pico Blvd, Los Angeles"
ChIJ81HgLFq5woAR97elnSGL-6w,Rhina’s pupusas,4.7,34.0403247,-118.3175932,"1842B Arlington Ave, Los Angeles"
ChIJYyBInrK4woAR2W6UFvEQSaE,Coma Pronto Restaurant,4.2,34.09065,-118.3112008,"5560 Santa Monica Blvd, Los Angeles"
ChIJ7xbCliPIwoARRojhPNPFu1Y,Pupuseria Jutiapa,4.2,33.99038100000001,-118.2916462,"5701 S Vermont Ave, Los Angeles"
ChIJAz9ETd-3woARiHekf30dOHg,Reina’s Restaurant & Pupusería,4.1,33.9874056,-118.3004082,"5901 Normandie Ave, Los Angeles"
ChIJYTr97Aq6woARXShA1qTl-x8,Panaderia y Pupuseria Los Cocos,4.5,33.9895445,-118.4185705,"4804 S Centinela Ave, Los Angeles"
ChIJJa9uG9e5woARZn5TXt7vb0Q,La Cabañita Restaurant y Pupuseria,4.5,34.0231707,-118.300099,"3564 Normandie Ave #3429, Los Angeles"
ChIJxTkRqcXHwoARhBv-a22_m8U,RESTAURANT Y PUPUSERIA EMANUEL,5.0,34.0692925,-118.2932889,"3555 W 3rd St, Los Angeles"
ChIJSUKdTvfHwoAR0c7YB_q0-Bw,La Flor Blanca Salvadoreña,4.1,34.0258398,-118.2942563,"1279 W Jefferson Blvd, Los Angeles"
ChIJj4F-IYO5woARc6wMo5CRD0k,El Baron Restaurant & NightClub,4.0,34.0303766,-118.382565,"8641 Washington Blvd, Culver City"
ChIJXTr10Gi7woAReFvo4KrIOEc,MANOLY'S BAKERY & CAFE,4.4,34.0431907,-118.4579859,"11771 Santa Monica Blvd, Los Angeles"
ChIJ0eI6u0i7woARxEnqGDPD8YI,The Spot Street Pupusas,4.7,34.0264426,-118.4317981,"11321 national blv los ángeles California 90034, Los Angeles"
ChIJ5aoSTGi7woARDsK4B3MazNE,Tlaco Tacos,3.8,34.04192889999999,-118.4610944,"11923 Santa Monica Blvd, Los Angeles"
ChIJOYubl6XFwoARQu0ySUM5-iU,El Sereno Pupusa,4.9,34.0889513,-118.1700024,"5168 Huntington Dr S, Los Angeles"
ChIJ2f_qpr7QwoARLwrjHYkrYCk,Don Carlos Pupuseria,4.0,34.0626609,-118.037193,"10928 Garvey Ave, South El Monte"
ChIJ-XQM3A3DwoARk9BGt0PaaJE,EL Rinconcito Azteca,4.0,34.1576745,-118.1491235,"687 N Raymond Ave, Pasadena"
ChIJlaloIyPDwoARUVLN4FOE4VI,La Caravana Salvadorian Restaurant,4.1,34.1684137,-118.1318781,"1306 N Lake Ave, Pasadena"
ChIJn1GGPCPDwoAR2IMx5OBnIo8,Llego el Sabor,4.1,34.1684751,-118.1319934,"1308 N Lake Ave, Pasadena"
ChIJ6fC2lc7HwoAR_fLEHJIWyFc,Pupusa Lady,4.6,34.0756241,-118.2538233,"1467 W Sunset Blvd, Los Angeles"
ChIJA2Rx7ZXGwoARezPPDm6sdcM,Genesis,4.4,34.0925114,-118.2244765,"901 Cypress Ave, Los Angeles"
ChIJEWvw-dLBwoARkYj5myw6LmY,Villa's Tacos Los Angeles,4.7,34.1086638,-118.1968913,"5455 N Figueroa St, Los Angeles"
ChIJLeu5ij7DwoAR_OMTlM6SoNU,Mely's Pupuseria & Restaurant,3.8,34.1608603,-118.1326972,"863 N Lake Ave, Pasadena"
ChIJsQhIgpDGwoARtpWMP3oT6Ls,Maria's Restaurant,4.4,34.0876126,-118.2177378,"3401 N Figueroa St, Los Angeles"
ChIJGyy4Up7GwoARhfkbVbcHWZY,El Buen Sabor,4.2,34.0946675,-118.2081576,"4306 N Figueroa St, Los Angeles"
ChIJMbFO0SvBwoARGcjpsCNpu0I,El Amoroso,4.1,34.1123782,-118.249351,"2829 Fletcher Dr, Los Angeles"
ChIJtWZHNeLFwoAR9G0H9iFi_KU,PUPUSAS ELI,4.8,34.0892588,-118.1697179,"Huntington Dr S, Los Angeles"
ChIJwVo_Vc_GwoARXzeH2xeecYI,Salvamex Restaurant,4.6,34.1008978,-118.2351314,"1910 Cypress Ave, Los Angeles"
ChIJpZJCTADdwoARFPDodvQHl2Q,Melys Restaurant #2,4.3,34.1494608,-118.106597,"2122 E Foothill Blvd, Pasadena"
ChIJCTKNZAk03YARP4ILFt2q06I,Pupuseria Salvadorena,4.1,33.8040953,-118.2095647,"1336 W Willow St #102, Long Beach"
ChIJH1kWxI003YARyB2UQIZsqaE,El Tenampa,4.1,33.835153,-118.2243856,"21312 Alameda St, Long Beach"
ChIJjw32JVAx3YARy5vnIoBfAnA,Cafecito Salv,4.1,33.7824787,-118.1963681,"412 W Anaheim St, Long Beach"
ChIJ83P3910x3YARjWsEqlSoH7w,La Guanaquita,4.2,33.7899882,-118.1826786,"801 CA-1, Long Beach"
ChIJX8gQQ_Az3YARaJHXVfsh0hM,Sirenita's Restaurant,4.0,33.8041377,-118.1962345,"410 W Willow St, Long Beach"
ChIJoSK2Bfgx3YARE4Ui4kvjlUo,La Esperanza Restaurant & Bakery,4.2,33.7876296,-118.1761985,"1626 Orange Ave, Long Beach"
ChIJ89V6TUAz3YARkddfrkgn8QE,ChilTepe,4.3,33.8587024,-118.1851358,"5631 Atlantic Ave, Long Beach"
ChIJJZPjYcY13YARR0TcnrNsuWk,Variedad De Pupusas Restaurante Estela,3.9,33.791226,-118.2671187,"401 W Pacific Coast Hwy, Wilmington"
ChIJS9P4Fb8z3YARCVU4VTVfKmU,Roxanne's,4.3,33.8191142,-118.1780234,"1115 E Wardlow Rd, Long Beach"
ChIJLa5y_9g33YARypaNPW_Q1nM,SAN ANTONIO RESTAURANT,4.0,33.7448573,-118.2876625,"234 N Pacific Ave, San Pedro"
ChIJC4xkZfM13YAR9k4pLrhS3f0,La Casita Torrance,4.4,33.8321978,-118.2977793,"1225 W Carson St, Torrance"
ChIJG5Yfc24x3YAR1NLBvk1k8HQ,Marilus bakery #2 / Panaderia marilus # 2,4.4,33.7822957,-118.1608184,"2608 E Anaheim St, Long Beach"
ChIJNeivRs813YARpVCgvZEQFG4,El Metapaneco,3.8,33.7905006,-118.2627516,"1352 N Avalon Blvd, Wilmington"
ChIJ9VTiHecz3YARAJgzz0BYwew,La Santaneca,3.8,33.8018712,-118.1851872,"2461 Atlantic Ave, Long Beach"
ChIJ9_vY-xIx3YARNiezvuQHjKE,La Ceiba Restaurant,4.0,33.7819306,-118.1875875,"400 E Anaheim St Ste A, Long Beach"
ChIJwZ3tziU23YAR8qvnTbdG3qU,La Cocina De Paquita,4.0,33.7398876,-118.2926361,"441 S Gaffey St, San Pedro"
ChIJL7R5lGcz3YARa31jIO7m0Dw,La Guanaquita #2,3.9,33.8531973,-118.1960381,"5344 Long Beach Blvd B, Long Beach"
ChIJCVqZE2w13YARr9E9cotHX6E,El Kiosco Pupuseria,4.4,33.7880329,-118.2632713,"1245 N Avalon Blvd, Wilmington"
ChIJ3X9RWHQx3YARy3TZgcI7Gm0,Mi Tierra K-Tracha,4.1,33.7827291,-118.1628899,"2417 E Anaheim St, Long Beach"
ChIJ7xJLqEI13YARTd2ws7O7QyE,Pupuseria La Quebrada,4.3,33.7907114,-118.2972974,"1111 Pacific Coast Hwy ste 1, Harbor City"
ChIJ8S0pi3A13YARXSJvuYq9-6s,Pupuseria Salvadoreña,4.2,33.8187551,-118.2863173,"22827 S Figueroa St, Carson"
ChIJNVyCdmsz3YARlXs7NtUe24Q,Pupuseria Brisas De Acajutla,4.4,33.852629,-118.1851581,"5303 Atlantic Ave, Long Beach"
ChIJge7GNF7HwoARcXHBTMIOQOE,La Original Panaderia El Salvador,4.4,34.0765044,-118.2964371,"4015 Beverly Blvd, Los Angeles"
ChIJ-_j3Mp_HwoARDCzZ0hfqvaU,Flor Blanca Restaurant,4.0,34.0539623,-118.2778636,"806 S Alvarado St, Los Angeles"
ChIJae8Ds2uUwoARue6IQ7jIn8s,Rancheros Tacos Pupuseria,4.2,34.2243184,-118.3661118,"8447 Sunland Blvd #3437, Sun Valley"
ChIJbVe0-9rAwoARctOgw2C9nEQ,El Buen Gusto Restaurant,4.1,34.116674,-118.2619305,"3140 Glendale Blvd, Los Angeles"
ChIJ1doONJzHwoAReqfZG_rGUUE,El Savoy Restaurant,4.4,34.0553472,-118.2828383,"2439 James M Wood Blvd, Los Angeles"
ChIJo0u95RLHwoARwVcKnSOCdEQ,Pupuseria y Panederia Atecosol,4.3,34.0726106,-118.2740876,"2523 W Temple St, Los Angeles"
ChIJDfdKCw_HwoARMjiZYk66QJs,El Majahual Pupuseria,4.1,34.0698276,-118.2661773,"1925 W Temple St, Los Angeles"
ChIJwZTWFa24woARy-kAULo-Ziw,El Jacalito Restaurant,4.6,34.0911391,-118.309356,"1109 N Western Ave, Los Angeles"
ChIJDYTCYZ_HwoARugaya6rMDSQ,El Guanaco Restaurant,3.8,34.0563546,-118.2760169,"2015 7th St, Los Angeles"
ChIJ78ITV6C4woARpemEiIpk-1Q,El Chavocho Sports Bar,4.0,34.0764151,-118.3019344,"4273 Beverly Blvd, Los Angeles"
ChIJ4_FpkmPHwoARROxoHndURyQ,Las Tunas Restaurant,3.9,34.0692276,-118.2943835,"3603 W 3rd St, Los Angeles"
ChIJjTdhMGLHwoARa33eWO8Mvps,Las Cabañas de San Pedro Restaurant,4.2,34.0691627,-118.2971755,"3713 W 3rd St, Los Angeles"
ChIJZcN5KVXHwoARl6EdTBAnbIg,Sabor Latino's,4.2,34.0952351,-118.2964464,"4908 Fountain Ave, Los Angeles"
ChIJA-mNmbqVwoARjLAd64fYdGk,Pupuseria & Restaurant Las Isletas,4.6,34.194318,-118.3880177,"6801 Lankershim Blvd, North Hollywood"
ChIJexTKh4iWwoAR1k2SOidmmCA,Restaurant Salvadoreno El,3.3,34.1935227,-118.4055682,"12500 Vanowen St, Valley Glen"
ChIJxzYmw7K4woARVIn3jauvC1I,El Guanaco Restaurant,4.3,34.0903427,-118.3133274,"5656 Santa Monica Blvd, Los Angeles"
ChIJcf_zvNCVwoARTiVzTNaPKuE,Mi Carbonero #1,4.0,34.1864385,-118.3858566,"11644 Victory Blvd, North Hollywood"
ChIJpRTKh4iWwoARcYLSRefL5ys,Mi Carbonero #3,3.7,34.19354,-118.405537,"12500 Vanowen St, North Hollywood"
ChIJTS30RWuRwoARn6al-QAXurU,El Pulgarcito Corp,3.9,34.2640399,-118.4016108,"10707 Glenoaks Blvd, Pacoima"
ChIJDYghPcyVwoARWs1SSvgREGU,Flor de Izote,4.1,34.1935868,-118.3771603,"11304 Vanowen St, North Hollywood"
ChIJj1wltKGWwoARLtVy0MGlYSc,Sabrositas Pupusas,3.9,34.2155953,-118.3961066,"7950 Laurel Canyon Blvd, North Hollywood"
ChIJ77JiUkmXwoARqSR1-6xkM6g,Pupusas y Antojitos Zavala,5.0,34.19409,-118.40436,"12441 Vanowen St, North Hollywood"
ChIJ3b1bhdSVwoAR0nivlv-NJw4,La Cabanita De Don Chepe,4.1,34.193793,-118.3839996,"11562 Vanowen St, North Hollywood"
ChIJS0d89NyVwoARtchIuVcsAuA,Jaltepeque Restaurant,3.9,34.1798013,-118.383917,"6007 Lankershim Blvd #11, North Hollywood"
ChIJh1AQdA-VwoARPdpWwT0w72I,Vicki’s Place,4.6,34.1792943,-118.3701396,"5958 Vineland Ave #1329, North Hollywood"
ChIJAQAM_DSUwoAROo_D152rUSo,El pipil restaurant,4.4,34.2015048,-118.372857,"11101 Sherman Way, Sun Valley"
ChIJpbco0i2UwoARbciRrrmoX4s,Muchá! Comida Chapina,4.2,34.2015209,-118.3837692,"11541 Sherman Way, North Hollywood"
ChIJHf75hMq_woARV2rpCLSNAVg,Walking Spanish LA,5.0,34.0910318,-118.3532488,"7511 Santa Monica Blvd, West Hollywood"
ChIJw9C8HgCVwoARY6wRLYAbT9k,Pupusería clarita,,34.1998054,-118.3790654,"7136 Tujunga Ave, North Hollywood"
ChIJ7dk65Z-RwoAR6RvTEy622Wk,Pupusería Cuzcatlán,4.4,34.2710774,-118.4155762,"12963 Van Nuys Blvd, Pacoima"
ChIJDb68eiaUwoARv31NFDGqmHU,Sandy's Tacos,4.4,34.2078136,-118.3875345,"7548 Lankershim Blvd, North Hollywood"
ChIJMQJ-3pGWwoAR5MGD26TgX48,El Manguito Restaurant,4.5,34.2008744,-118.4092513,"12650 Sherman Way # 19, North Hollywood"
ChIJ_SzPAmjIwoARaB7aovVUXBY,Restaurante y Pupuseria Las Palmas,4.6,34.0010906,-118.264999,"4616 Avalon Blvd, Los Angeles"
ChIJ3e-8GJfHwoARYx50utCvDAY,Panaderia El Salvador,4.3,34.0463671,-118.2803617,"1901 W Pico Blvd, Los Angeles"
ChIJVyHrkBjJwoARWD1sK5qYX6U,Pupusaria Y Restaurante Salvadoreno,4.1,33.9826437,-118.2300539,"6330 Santa Fe Ave, Huntington Park"
ChIJpZZlCyPJwoARagdk2uo3qfg,Conchagua Restaurant & Pupuseria,4.0,33.9427856,-118.215039,"10136 Long Beach Blvd, Lynwood"
ChIJ2cXOMiTJwoARRNoJXui04X8,Pupuseria Mi lindo Olocuilta,5.0,33.9478085,-118.2464562,"9707 Compton Ave, Los Angeles"
ChIJv3Bwg4XJwoARhF1aTZmdjRQ,PUPUSAS ELI,4.2,33.9747222,-118.2266667,"2521 E Florence Ave #11, Huntington Park"
ChIJq7yauvvJwoARDYKmthdnJ2E,Playa Dorada,3.9,33.93997170000001,-118.2914447,"10522 S Vermont Ave, Los Angeles"
ChIJFfu0ZgDLwoARCaQ8QkKju0U,🇸🇻Saborcito guanaco pupuseria🇸🇻,5.0,33.9446859,-118.2080719,"3469 Tweedy Blvd, South Gate"
ChIJh_PabsLOwoARnWgUdqVCn30,Las Chinamas Restaurante Y Pupuseria,4.2,33.9872935,-118.183551,"4537 Slauson Ave, Maywood"
ChIJw9d5cNbNwoARc6vLDxv1kG0,Pupuseria Comalapa,4.1,33.9655464,-118.1521767,"6320 Florence Ave, Bell Gardens"
ChIJ0Zqe2r3RwoAR6OmWWPwiqEQ,Paseo San Miguel,4.4,34.0071897,-118.0822278,"4623 Rosemead Blvd, Pico Rivera"
ChIJ5dhxWMPNwoARHgzTbSiXDU0,Myra's Salvadorian Cuisine,4.1,33.95928019999999,-118.1420196,"7324 Florence Ave, Downey"
ChIJqRvKXsrJwoARF-vGyH8u1KI,Paseo El Dorado,4.4,33.9745213,-118.2778773,"254 W Florence Ave, Los Angeles"
ChIJFVRMxgfJwoARHKJ2NGQNgK0,Mi Pueblo Salvadorian Restaurant #1,4.4,33.9749886,-118.2506431,"1341 E Florence Ave, Los Angeles"
ChIJiUHpcFbJwoARG0uW_85sgqM,El Sombrero Azul,4.0,33.9541452,-118.2121709,"8920 State St, South Gate"
